Country,All Industries Total,All Industries Total,All Industries Total,All Industries Total,All Industries Total,All Industries Total,Mining,Mining,Mining,Mining,Mining,Mining,Utilities,Utilities,Utilities,Utilities,Utilities,Utilities,Manufacturing,Manufacturing,Manufacturing,Manufacturing,Manufacturing,Manufacturing,Manufacturing,Manufacturing,Manufacturing,Manufacturing,Manufacturing,Manufacturing,Manufacturing,Manufacturing,Manufacturing,Manufacturing,Manufacturing,Manufacturing,Manufacturing,Manufacturing,Manufacturing,Manufacturing,Manufacturing,Manufacturing,Manufacturing,Manufacturing,Manufacturing,Manufacturing,Manufacturing,Manufacturing,Manufacturing,Manufacturing,Manufacturing,Manufacturing,Manufacturing,Manufacturing,Manufacturing,Manufacturing,Manufacturing,Manufacturing,Manufacturing,Manufacturing,Manufacturing,Manufacturing,Manufacturing,Manufacturing,Manufacturing,Manufacturing,Manufacturing,Manufacturing,Manufacturing,Manufacturing,Manufacturing,Manufacturing,Wholesale Trade,Wholesale Trade,Wholesale Trade,Wholesale Trade,Wholesale Trade,Wholesale Trade,Information,Information,Information,Information,Information,Information,Depository Institutions,Depository Institutions,Depository Institutions,Depository Institutions,Depository Institutions,Depository Institutions,Finance (except depository institutions) and insurance,Finance (except depository institutions) and insurance,Finance (except depository institutions) and insurance,Finance (except depository institutions) and insurance,Finance (except depository institutions) and insurance,Finance (except depository institutions) and insurance,"Professional, scientific, and technical services","Professional, scientific, and technical services","Professional, scientific, and technical services","Professional, scientific, and technical services","Professional, scientific, and technical services","Professional, scientific, and technical services",Holding Companies (nonbank),Holding Companies (nonbank),Holding Companies (nonbank),Holding Companies (nonbank),Holding Companies (nonbank),Holding Companies (nonbank),Other Industries,Other Industries,Other Industries,Other Industries,Other Industries,Other Industries
Country,All Industries Total,All Industries Total,All Industries Total,All Industries Total,All Industries Total,All Industries Total,Mining,Mining,Mining,Mining,Mining,Mining,Utilities,Utilities,Utilities,Utilities,Utilities,Utilities,Total Manufacturing,Total Manufacturing,Total Manufacturing,Total Manufacturing,Total Manufacturing,Total Manufacturing,Food,Food,Food,Food,Food,Food,Chemicals,Chemicals,Chemicals,Chemicals,Chemicals,Chemicals,Primary and fabricated metals,Primary and fabricated metals,Primary and fabricated metals,Primary and fabricated metals,Primary and fabricated metals,Primary and fabricated metals,Machinery,Machinery,Machinery,Machinery,Machinery,Machinery,Computers and electronic products,Computers and electronic products,Computers and electronic products,Computers and electronic products,Computers and electronic products,Computers and electronic products,"Electrical equipment, appliances, and components","Electrical equipment, appliances, and components","Electrical equipment, appliances, and components","Electrical equipment, appliances, and components","Electrical equipment, appliances, and components","Electrical equipment, appliances, and components",Transportation Equipment,Transportation Equipment,Transportation Equipment,Transportation Equipment,Transportation Equipment,Transportation Equipment,Other Manufacturing,Other Manufacturing,Other Manufacturing,Other Manufacturing,Other Manufacturing,Other Manufacturing,Wholesale Trade,Wholesale Trade,Wholesale Trade,Wholesale Trade,Wholesale Trade,Wholesale Trade,Information,Information,Information,Information,Information,Information,Depository Institutions,Depository Institutions,Depository Institutions,Depository Institutions,Depository Institutions,Depository Institutions,Finance (except depository institutions) and insurance,Finance (except depository institutions) and insurance,Finance (except depository institutions) and insurance,Finance (except depository institutions) and insurance,Finance (except depository institutions) and insurance,Finance (except depository institutions) and insurance,"Professional, scientific, and technical services","Professional, scientific, and technical services","Professional, scientific, and technical services","Professional, scientific, and technical services","Professional, scientific, and technical services","Professional, scientific, and technical services",Holding Companies (nonbank),Holding Companies (nonbank),Holding Companies (nonbank),Holding Companies (nonbank),Holding Companies (nonbank),Holding Companies (nonbank),Other Industries,Other Industries,Other Industries,Other Industries,Other Industries,Other Industries
,2015,2016,2017,2018,2019,2020,2015,2016,2017,2018,2019,2020,2015,2016,2017,2018,2019,2020,2015,2016,2017,2018,2019,2020,2015,2016,2017,2018,2019,2020,2015,2016,2017,2018,2019,2020,2015,2016,2017,2018,2019,2020,2015,2016,2017,2018,2019,2020,2015,2016,2017,2018,2019,2020,2015,2016,2017,2018,2019,2020,2015,2016,2017,2018,2019,2020,2015,2016,2017,2018,2019,2020,2015,2016,2017,2018,2019,2020,2015,2016,2017,2018,2019,2020,2015,2016,2017,2018,2019,2020,2015,2016,2017,2018,2019,2020,2015,2016,2017,2018,2019,2020,2015,2016,2017,2018,2019,2020,2015,2016,2017,2018,2019,2020
All Countries Total,5289071,5518644,6097690,5792290,5907424,6152301,180418,163529,162908,165305,160105,154291,n.s.,n.s.,n.s.,n.s.,n.s.,n.s.,693847,687625,806448,738377,857510,956176,81914,65560,93903,82419,79079,82267,151369,146878,139746,141848,210697,282111,34506,40364,44856,39852,57218,57169,45932,47961,55776,49844,63380,65437,97641,94305,144946,122911,139097,148626,17591,15322,18033,16364,18103,25455,62087,75646,87292,83444,87195,83137,202807,201589,221896,201695,202741,211974,225217,235184,255235,229396,239788,239629,198689,218343,240143,292489,292274,299826,118271,118825,124044,134570,141437,144189,719608,706103,781180,894352,877188,874239,117646,139709,140179,150399,151013,168341,2686477,2877387,3176645,2794202,2772907,2881761,348898,371939,410909,393200,415203,433849
Canada,361954,355394,371274,373604,404589,422160,10096,10955,13210,15162,11997,14502,n.s.,n.s.,n.s.,n.s.,n.s.,n.s.,110232,99651,99178,97480,102296,110181,12571,9055,9695,7301,7244,7323,17339,17230,17766,18262,19073,21855,7616,6927,5906,4655,5701,5646,5128,3437,4545,3957,3756,3638,7116,6371,7032,7315,8255,9061,3075,2740,2828,2784,2981,2822,7904,10092,11844,12342,14162,16313,49483,43800,39562,40864,41124,43523,25795,26891,28655,27584,27629,29436,7894,7945,11214,11823,13299,12390,3548,4369,4446,NA,5082,5599,52029,51802,55077,55985,67118,72337,7534,8741,8471,8231,8094,8816,97851,91773,95598,101507,115463,114929,46974,53268,55425,NA,53612,53970
Europe[1],3075567,3302727,3654095,3413031,3501659,3660470,31476,27432,22309,19567,20655,18643,n.s.,n.s.,n.s.,n.s.,n.s.,n.s.,316353,316815,382526,343142,432987,510123,41884,30844,56678,46482,41910,44151,75831,70273,62417,71932,132353,200901,17478,16692,21020,18009,34165,33252,24981,27211,32018,29888,42762,44808,34679,39262,50195,41541,45214,47688,7829,5920,7583,6835,8030,8223,19452,25807,30764,27687,29829,27617,94218,100806,121850,100768,98723,103484,78635,84907,91893,92321,90038,83917,136235,152936,164169,212637,212173,235786,57146,55426,49375,48125,56117,65618,344936,333881,384034,448473,420412,383746,68976,84669,84200,91264,88769,101937,1837991,2025018,2225549,1917082,1926801,1987561,203820,221643,250039,240420,253707,273138
  Austria,6508,7566,7987,6848,6921,4947,-5,NA,NA,NA,NA,NA,n.s.,n.s.,n.s.,n.s.,n.s.,n.s.,2015,2635,2396,2540,2532,2562,8,NA,NA,NA,NA,NA,-25,141,137,140,170,201,NA,NA,NA,NA,NA,NA,84,103,21,23,-11,5,1145,1137,1145,1293,1338,1384,NA,NA,NA,NA,282,205,182,293,-109,59,36,-7,271,320,496,292,191,220,837,1029,989,1149,1028,1100,55,111,NA,125,126,127,NA,NA,NA,NA,NA,13,1136,1499,944,561,90,90,363,470,504,492,473,193,586,402,400,816,1351,833,NA,NA,1527,696,558,NA
  Belgium,48096,49692,53645,59397,64633,69539,-10,NA,NA,NA,NA,NA,n.s.,n.s.,n.s.,n.s.,n.s.,n.s.,27416,30625,32790,33904,41401,43391,745,992,1369,1448,1519,1612,17513,14842,16208,17784,23681,25420,143,268,74,76,40,43,1804,699,1294,1276,800,866,3578,2913,2835,2838,2847,NA,6,NA,NA,NA,NA,179,637,671,531,655,773,714,2990,NA,NA,NA,NA,NA,6051,7009,7302,7301,4586,4497,800,883,701,617,682,669,NA,NA,NA,NA,NA,NA,4272,3363,3610,7272,7361,9579,1781,1465,1287,1404,1777,1990,1039,785,971,759,804,865,NA,NA,NA,NA,NA,NA
  Czech Republic,6343,4896,4844,5253,5456,5629,0,0,0,0,0,0,n.s.,n.s.,n.s.,n.s.,n.s.,n.s.,3752,3813,3650,3507,4227,4336,NA,NA,NA,NA,NA,NA,240,220,287,1152,1264,1324,112,168,170,228,209,204,126,131,200,147,134,127,494,267,275,255,408,379,107,NA,15,15,92,98,1541,1757,1242,96,113,130,NA,737,NA,NA,NA,NA,123,-31,-52,136,171,199,208,218,234,248,307,288,NA,NA,NA,NA,0,0,29,19,28,34,22,30,163,182,195,175,174,178,NA,NA,NA,NA,NA,NA,638,NA,NA,422,NA,NA
  Denmark,15794,16909,12107,10692,9108,9874,122,141,111,NA,NA,NA,n.s.,n.s.,n.s.,n.s.,n.s.,n.s.,2986,4025,3499,2736,1032,2336,268,NA,484,536,161,261,85,77,44,68,-643,146,NA,370,134,-97,400,NA,656,485,487,158,179,466,1044,769,175,204,215,321,1,1,1,NA,NA,8,0,0,(*),(*),(*),0,NA,NA,2174,NA,NA,NA,1011,870,1018,2077,2135,1764,681,856,847,1257,763,868,-3,-5,-1,-2,-3,-4,3347,2799,2670,NA,NA,NA,52,307,190,129,-159,-357,7322,7677,3549,2039,2295,2344,276,238,224,181,1066,1268
  Finland,1258,2538,2513,4063,4504,5269,0,0,0,0,0,0,n.s.,n.s.,n.s.,n.s.,n.s.,n.s.,-246,1551,1675,1518,1629,1675,NA,NA,NA,NA,NA,NA,56,NA,NA,68,68,69,(*),NA,NA,NA,NA,NA,NA,NA,NA,NA,NA,NA,-1272,259,254,186,128,131,23,24,26,28,92,95,0,0,(*),(*),(*),(*),465,609,596,697,724,643,56,218,185,179,203,286,915,-49,-37,157,777,1239,-3,NA,NA,NA,NA,NA,-5,-5,-7,NA,NA,-5,431,635,630,629,485,748,54,NA,NA,NA,NA,NA,56,NA,NA,NA,NA,NA
  France,81274,72926,78632,67548,88425,91153,NA,-103,77,234,32,34,n.s.,n.s.,n.s.,n.s.,n.s.,n.s.,25011,20529,22268,19379,37018,39642,6318,1273,1481,1503,6940,7375,2386,2673,2679,2491,13251,16142,4352,3097,3628,4186,4877,5407,2159,2364,2368,1899,2268,1003,1472,1248,1533,1299,1510,1538,540,624,705,805,864,1032,690,2512,2335,457,568,439,7094,6738,7540,6740,6742,6706,4833,6468,6560,6001,6270,7011,3280,2583,2495,2553,1618,1567,2165,1220,795,748,635,604,16945,13514,12713,12859,15150,15461,2378,3307,2591,1993,2692,2460,16638,16327,16122,13825,13251,14014,NA,9080,15010,9957,11759,10359
  Germany,120519,129985,132595,134794,151278,162387,NA,NA,NA,NA,NA,NA,n.s.,n.s.,n.s.,n.s.,n.s.,n.s.,27457,24531,25965,27380,28399,32708,412,562,857,1736,1705,2507,6203,3977,2331,2571,4130,8737,1976,955,1531,2190,1888,1860,3908,4405,4948,5258,5543,6552,4134,3932,4965,5345,5336,5158,1665,1166,763,673,1584,999,2479,3016,3556,2877,285,-1395,6680,6517,7014,6729,7927,8290,15272,14403,15368,15742,16614,17496,4966,3989,3906,8162,4537,5332,1147,1114,1254,NA,NA,NA,16136,15289,17133,11633,12850,13181,2138,5155,4189,6388,8309,10101,53814,65295,66685,60577,65113,55574,NA,NA,NA,869,3542,NA
  Greece,1007,1017,1198,431,90,74,0,0,0,0,0,0,n.s.,n.s.,n.s.,n.s.,n.s.,n.s.,1398,1437,1531,511,496,516,NA,NA,NA,NA,NA,NA,165,140,173,168,154,175,(*),(*),(*),(*),(*),(*),9,8,9,9,13,18,NA,NA,NA,NA,NA,NA,3,3,3,3,3,3,0,0,0,0,0,0,1140,1220,1268,253,245,236,43,64,126,101,91,174,36,38,41,45,45,-12,NA,NA,NA,NA,NA,NA,NA,NA,-98,NA,NA,-120,24,29,46,64,45,16,(*),(*),(*),(*),(*),(*),-71,-100,NA,-59,-98,NA
  Hungary,7625,7392,6672,5283,12166,13295,NA,NA,NA,NA,20,NA,n.s.,n.s.,n.s.,n.s.,n.s.,n.s.,1666,1529,1968,1177,915,845,NA,NA,NA,NA,NA,NA,23,14,NA,-9,NA,-4,2,1,1,4,6,19,161,-110,104,145,97,-56,152,176,198,3,-174,-229,NA,-7,NA,-10,-10,-10,927,1115,1357,702,781,886,376,NA,316,NA,180,NA,617,657,640,661,504,556,553,572,609,596,516,1473,-16,5,26,28,NA,NA,NA,2276,NA,NA,NA,577,55,57,61,67,59,59,NA,949,839,1799,NA,NA,253,NA,272,389,399,NA
  Ireland,337831,399885,457301,444037,398749,390274,-67,-67,-67,NA,NA,94,n.s.,n.s.,n.s.,n.s.,n.s.,n.s.,17295,2788,15456,10770,20121,64856,221,451,513,514,520,611,9023,-6493,-3859,1033,6814,52422,101,166,191,194,180,202,158,252,1380,1346,1397,1495,2320,4872,11334,2763,3058,2312,NA,NA,NA,NA,NA,NA,282,303,11,9,30,35,NA,NA,NA,NA,NA,NA,528,456,956,1687,1685,1792,39083,50844,57570,75034,72636,77448,NA,NA,NA,NA,NA,NA,17031,18333,21765,93755,39837,-11816,13726,11843,7003,7568,7700,8146,176049,230487,264967,166022,159195,140001,NA,NA,NA,NA,NA,NA
  Italy,30869,30573,27617,32842,28270,31093,255,276,325,346,385,450,n.s.,n.s.,n.s.,n.s.,n.s.,n.s.,10634,9345,9947,10972,14083,15386,1776,1513,1602,1379,1439,1793,1901,1732,1590,1770,2314,2569,380,592,547,1642,1293,1222,920,1220,705,534,3142,3299,1390,1216,1408,1597,1651,1850,178,-329,147,144,146,NA,584,465,556,495,480,524,3505,2938,3393,3412,3618,NA,3747,3607,4033,3142,3363,3828,3897,2688,3040,9577,2262,2225,NA,NA,115,111,144,62,4380,5957,3894,2890,2358,2625,313,990,1000,828,744,1014,1718,1400,1264,1341,1699,1826,NA,NA,3999,3636,3231,3677
  Luxembourg,599001,646508,703066,720628,751657,759360,NA,NA,NA,NA,NA,NA,n.s.,n.s.,n.s.,n.s.,n.s.,n.s.,13898,13259,19729,18977,9437,9367,NA,-1,1,1,1,2,181,602,-40,NA,NA,NA,NA,NA,NA,NA,NA,NA,NA,37,NA,NA,1120,758,NA,NA,NA,NA,NA,20,NA,694,NA,NA,NA,NA,-199,NA,NA,819,1980,NA,9766,8596,15940,13698,4978,5237,306,1161,1047,1819,1986,-2187,3310,3596,3049,755,-1,-33,NA,NA,3469,4926,6587,7190,35592,21416,19321,25943,47946,47743,2214,3187,3400,7447,-282,488,524761,579546,630581,621046,647197,656127,6927,12380,NA,NA,NA,NA
  Netherlands,829693,816667,929746,809663,810986,843954,1214,1751,1805,2321,1766,1584,n.s.,n.s.,n.s.,n.s.,n.s.,n.s.,54735,56215,62378,52845,94417,99531,6651,5708,9664,-1234,-6,-615,10370,15369,9947,9401,38289,40706,2883,898,763,654,472,662,3681,5765,5731,6185,14378,14642,3278,5860,7366,6011,7279,8057,NA,-124,-126,-42,270,68,606,1619,4428,4535,5939,6250,NA,21120,24605,27335,27795,29759,10829,14651,19205,19177,12495,13636,27595,24223,23477,21590,23870,27280,NA,NA,NA,NA,NA,NA,51374,37717,44689,58414,55289,51704,8027,4817,4999,3868,3922,9324,665183,653047,744862,627091,597240,620999,NA,NA,NA,NA,NA,NA
  Norway,31697,28657,26901,25905,24632,21484,6351,6014,6063,5125,7769,5836,n.s.,n.s.,n.s.,n.s.,n.s.,n.s.,1715,2794,3008,2148,2266,1852,NA,NA,NA,NA,316,323,370,837,1170,635,650,666,NA,NA,NA,NA,14,12,309,1060,911,665,603,236,228,160,164,162,NA,167,NA,NA,NA,NA,NA,NA,0,0,NA,NA,NA,NA,140,114,70,123,369,290,248,206,291,303,493,543,3083,3107,3187,2939,2795,2648,1,-1,1,1,-1,-3,801,400,436,377,258,280,110,369,352,320,271,269,18260,14513,12134,13390,9263,8415,1128,1256,1430,1302,1519,1642
  Poland,11872,11260,12266,11870,10720,11127,NA,NA,NA,(*),NA,NA,n.s.,n.s.,n.s.,n.s.,n.s.,n.s.,5848,5482,6528,6050,6853,7323,1066,929,1111,1628,1553,1522,1441,1424,1417,368,387,435,185,244,267,302,238,199,126,79,106,274,NA,NA,226,199,213,135,138,138,211,NA,NA,NA,NA,NA,2040,1873,2420,2220,2973,3253,553,NA,NA,NA,508,493,2197,2115,1963,1965,284,321,123,125,136,109,136,159,NA,NA,NA,NA,NA,NA,236,214,298,206,505,436,445,480,496,494,465,461,NA,NA,NA,NA,1,1,678,NA,NA,NA,NA,NA
  Portugal,1971,2288,2372,2504,2437,2538,0,0,0,0,0,0,n.s.,n.s.,n.s.,n.s.,n.s.,n.s.,407,378,389,424,398,354,NA,NA,NA,NA,NA,NA,NA,66,NA,113,113,97,45,42,43,42,38,41,60,56,-4,-1,-27,-20,89,73,51,36,55,50,(*),-2,-1,-1,-4,-2,119,123,187,205,209,218,40,NA,60,NA,NA,NA,496,577,699,694,719,739,81,130,134,140,142,139,1,-1,-3,0,0,0,276,272,267,226,182,NA,16,260,154,247,278,272,NA,NA,NA,NA,NA,NA,NA,NA,NA,NA,NA,793
  Russia,10259,14357,13786,12779,13597,12538,NA,NA,NA,NA,NA,NA,n.s.,n.s.,n.s.,n.s.,n.s.,n.s.,3871,6076,6496,4982,5563,5450,1605,1627,1796,439,298,195,315,451,477,427,529,502,41,NA,NA,NA,NA,NA,344,258,381,544,390,204,443,615,654,321,562,728,NA,NA,NA,NA,NA,NA,106,NA,NA,NA,NA,NA,NA,1237,1277,1383,1668,1744,650,1045,1086,1362,2099,2018,630,886,942,870,1067,1148,NA,NA,NA,NA,NA,NA,253,304,517,689,739,754,306,647,667,719,731,745,771,1263,1255,1071,985,460,NA,NA,704,758,838,692
  Spain,36075,36651,35482,31916,35787,38533,NA,NA,NA,NA,NA,NA,n.s.,n.s.,n.s.,n.s.,n.s.,n.s.,14181,12758,13386,11905,13234,15064,1130,1022,1362,1246,1218,1361,5167,5295,5388,2072,2101,2255,-77,188,183,195,204,274,154,268,412,462,670,862,2380,441,467,495,527,506,441,190,387,NA,NA,NA,3898,4086,3612,5125,5427,5609,1088,1267,1575,NA,NA,NA,2675,2598,2857,2802,2896,3394,1516,794,671,221,-76,-231,1183,1147,1117,1050,NA,914,3570,2768,2566,1804,2106,2422,602,2366,2553,2551,4611,3855,8412,11626,10221,9784,10273,10752,NA,NA,NA,NA,1343,NA
  Sweden,32593,34722,36896,43521,42722,63847,NA,NA,NA,NA,NA,NA,n.s.,n.s.,n.s.,n.s.,n.s.,n.s.,7743,8211,10393,10023,10268,13481,NA,NA,NA,NA,1228,1321,NA,NA,NA,NA,NA,NA,105,NA,NA,NA,NA,NA,337,117,224,198,295,177,360,1598,2097,2009,2046,2263,NA,NA,NA,NA,NA,NA,483,506,535,518,334,174,1389,572,1295,1228,1092,3594,2051,2664,3107,2951,3066,3262,1411,1356,2514,1515,1650,1858,NA,NA,NA,NA,0,0,2400,4345,3177,7847,8180,8730,678,1168,810,1421,2306,2720,15214,15175,16099,18262,16493,32867,3066,1773,775,1481,NA,NA
  Switzerland,171342,185329,252231,210800,192847,211936,244,NA,NA,NA,390,388,n.s.,n.s.,n.s.,n.s.,n.s.,n.s.,34135,34133,39492,37201,38539,47244,89,-628,-698,NA,NA,NA,7810,10216,10991,13039,15696,23895,264,257,1218,1611,1583,1786,2083,2824,3029,4828,5357,5904,3525,4160,5658,5812,4875,4593,2804,1345,2032,1086,222,588,NA,NA,NA,NA,NA,NA,NA,NA,NA,10994,10732,10145,11761,11937,9993,9919,16156,12217,4877,5075,5850,5414,8126,13361,NA,NA,NA,NA,NA,6952,26415,26846,27699,5374,4384,5059,2748,3246,3028,2904,3061,2965,51589,65982,124922,121073,92385,98984,NA,31005,33389,21549,NA,24765
  Turkey,3798,3726,4074,4193,3834,5814,6,NA,-1,NA,-7,NA,n.s.,n.s.,n.s.,n.s.,n.s.,n.s.,2150,2117,2389,2005,2189,1784,NA,NA,NA,361,NA,NA,343,374,454,362,254,91,3,-19,NA,NA,NA,NA,179,67,62,52,42,9,NA,149,324,NA,NA,NA,(*),(*),(*),(*),(*),-1,371,506,538,409,520,262,626,NA,731,473,574,628,896,673,633,684,704,686,-40,108,118,459,NA,NA,181,172,175,153,162,159,394,363,NA,222,-7,-6,61,88,105,153,16,NA,(*),(*),NA,(*),(*),(*),149,NA,NA,NA,NA,486
  United Kingdom,632327,747425,815059,754139,830438,890086,NA,6504,2864,1347,1422,1665,n.s.,n.s.,n.s.,n.s.,n.s.,n.s.,54917,69914,94092,79463,94983,97326,18547,14449,34135,35397,24124,24842,8294,14748,9101,14286,19621,20801,3545,5949,7883,673,17372,15500,6798,6551,7971,4130,5446,7086,7932,7567,8901,10623,12799,15325,881,950,938,946,984,1024,2781,3280,5454,5741,7016,6013,6138,16420,19708,7666,7623,6734,12516,11562,12947,11257,11456,9399,38732,50307,53462,79712,89408,96785,18380,14695,12884,8132,8303,8843,156977,174636,219714,214096,219229,233321,30984,42167,48494,49731,49507,51865,251120,323797,307326,258299,300966,332610,NA,53843,63275,52102,55164,58272
  Other,57815,51759,37103,13924,12401,15717,2798,2649,2170,2131,1988,2086,n.s.,n.s.,n.s.,n.s.,n.s.,n.s.,3368,2671,3101,2726,2985,3094,NA,NA,605,NA,NA,NA,NA,NA,NA,10,-45,-43,455,-147,110,248,464,532,114,NA,139,137,130,83,154,NA,NA,90,90,82,NA,NA,NA,NA,NA,NA,NA,1186,1227,476,469,445,597,487,402,483,493,488,892,967,939,1213,1034,1188,442,497,NA,541,NA,NA,NA,NA,NA,NA,NA,NA,1686,NA,NA,1423,1550,1580,1360,1435,1447,1674,1582,NA,43446,36204,22786,-2036,-2604,-145,NA,4201,3689,NA,4832,4255
Latin America and Other Western Hemisphere,902642,893558,1008741,1000673,931017,962400,54486,48563,46736,49979,46463,48309,n.s.,n.s.,n.s.,n.s.,n.s.,n.s.,76768,86624,95729,87251,86903,79665,6725,7035,7451,7203,7590,8204,18767,17719,16919,16659,15105,12886,2351,8376,8842,8413,8817,8889,4808,6195,5830,4641,4400,3970,3011,7767,12598,7814,6827,6793,2778,2298,2708,2403,2427,2708,15248,18605,21332,20152,20429,15577,23079,18628,20050,19967,21308,20638,34233,29720,32743,36823,38482,42228,18202,19025,20675,22703,22760,19018,22406,22661,29815,30448,30327,20740,198234,192403,218526,273373,260917,272513,4649,4862,3529,6844,7608,7445,461029,457047,525066,460515,404315,441981,32636,32656,35921,32738,33243,30501
  South America,129303,133272,138996,134707,138705,140159,29973,24933,22470,29559,30971,31219,n.s.,n.s.,n.s.,n.s.,n.s.,n.s.,34558,36369,40899,39189,37741,29517,3093,3189,3152,2985,2896,3342,12801,11155,11155,11052,9425,8231,NA,5808,6150,5725,5654,5505,2735,NA,NA,2107,1684,985,767,1237,4965,4123,3979,4093,835,722,765,449,380,355,3163,3806,4756,5501,6129,716,NA,NA,NA,7248,7593,6291,6990,5934,6154,6713,6641,6135,7127,7574,8125,8895,9805,7536,NA,NA,NA,NA,NA,NA,21344,23089,24667,23191,23038,21466,2239,3433,2680,2867,3274,3478,13730,16588,16162,10627,12568,26901,NA,NA,NA,NA,NA,NA
    Argentina,14624,14273,15219,8907,9974,8730,954,1007,1057,789,838,761,n.s.,n.s.,n.s.,n.s.,n.s.,n.s.,3811,3476,2643,1649,1925,941,388,349,272,-463,-100,-175,1251,1727,1462,1380,1115,910,7,NA,NA,NA,NA,NA,257,286,300,269,333,80,-379,NA,NA,NA,NA,NA,22,23,23,24,12,12,940,627,415,610,849,828,1324,811,575,260,NA,-76,1860,870,892,635,828,426,1211,1548,2153,2469,2431,2139,NA,958,NA,1112,1215,NA,967,1065,1128,872,981,911,113,NA,NA,53,302,351,NA,NA,NA,1271,1375,1492,40,NA,67,55,81,NA
    Brazil,56847,67922,77486,78963,80864,70742,7473,5591,6438,11103,11400,10986,n.s.,n.s.,n.s.,n.s.,n.s.,n.s.,17799,22457,27989,27267,26404,19891,1398,1519,2060,2532,2309,2936,6048,6654,6543,6408,5044,4144,562,5650,5931,5618,5411,5178,2187,1814,1771,1635,1175,739,892,1222,4979,3782,3854,3913,273,280,328,264,244,224,1440,1773,3095,3747,4386,-991,4998,3545,3281,3281,3981,3749,1895,2241,2361,3144,2945,3000,3269,4376,4454,4701,5433,4549,NA,NA,NA,2148,2431,2435,10767,13201,15403,15080,15045,13583,917,2225,1575,1876,1821,1855,6114,8044,7115,7160,8872,8940,NA,NA,NA,6484,6513,5503
    Chile,28134,28141,25793,25660,24912,23011,NA,NA,NA,7298,6910,6813,n.s.,n.s.,n.s.,n.s.,n.s.,n.s.,4988,4690,5609,6650,6130,5677,52,65,86,69,69,28,2104,1407,1635,2368,2396,2445,17,-43,NA,NA,NA,NA,99,114,105,77,65,61,193,368,377,720,692,779,NA,NA,NA,NA,NA,NA,NA,NA,NA,NA,NA,NA,2088,2185,2476,2371,2020,1486,1464,1254,1481,1515,1254,1376,650,662,737,1038,1148,264,NA,NA,NA,NA,NA,NA,7366,7107,6239,5315,5321,5168,526,528,714,651,702,735,588,1469,1721,1446,1177,NA,NA,NA,1223,NA,NA,1424
    Colombia,7750,7884,7669,7236,7286,7767,3184,2565,2255,2489,2605,2887,n.s.,n.s.,n.s.,n.s.,n.s.,n.s.,2081,2172,2231,1973,1580,1610,93,121,161,279,194,212,617,759,876,771,642,688,NA,66,NA,NA,NA,NA,41,32,22,12,16,11,154,166,193,268,136,150,263,NA,NA,29,24,21,NA,NA,NA,206,188,NA,564,570,664,NA,NA,670,690,679,655,537,527,402,210,170,283,315,460,316,NA,NA,NA,NA,NA,NA,424,573,586,522,764,994,378,452,416,530,560,650,-32,NA,-16,76,18,-77,NA,713,NA,NA,NA,NA
    Ecuador,913,981,715,781,681,29,468,488,240,511,513,151,n.s.,n.s.,n.s.,n.s.,n.s.,n.s.,469,405,397,214,142,-51,104,NA,NA,NA,NA,NA,NA,25,NA,-159,-204,-340,NA,NA,NA,NA,NA,NA,2,2,2,2,2,2,2,4,4,5,6,7,NA,(*),(*),(*),(*),(*),NA,NA,NA,NA,NA,NA,NA,NA,96,96,28,-20,236,204,232,215,216,249,NA,NA,NA,NA,NA,NA,NA,NA,NA,NA,NA,NA,254,254,226,301,308,251,NA,NA,NA,NA,NA,NA,NA,NA,NA,NA,-4,-4,-65,29,NA,NA,32,-4
    Peru,7573,4541,5700,5455,6470,7394,5311,2244,2950,3484,3771,4901,n.s.,n.s.,n.s.,n.s.,n.s.,n.s.,648,576,695,605,640,572,59,65,134,139,157,127,162,162,175,97,91,97,(*),(*),(*),(*),(*),(*),99,86,47,46,44,42,NA,NA,NA,NA,NA,NA,NA,10,10,10,10,10,(*),(*),(*),(*),(*),(*),307,NA,NA,NA,NA,NA,261,238,239,377,447,343,57,58,58,58,58,37,NA,NA,NA,NA,NA,NA,NA,194,328,283,316,218,157,118,227,174,NA,NA,393,426,NA,NA,NA,NA,191,NA,364,346,366,386
    Venezuela,9825,5113,3174,2338,2168,1647,568,378,159,29,74,24,n.s.,n.s.,n.s.,n.s.,n.s.,n.s.,4065,1923,1104,651,720,825,NA,NA,NA,NA,101,NA,2505,361,411,157,316,327,12,4,NA,4,4,4,45,46,58,60,44,44,NA,NA,NA,NA,NA,NA,134,18,18,18,18,18,NA,NA,NA,NA,NA,NA,388,103,153,172,149,156,394,231,93,100,242,NA,1442,461,125,-9,-44,-60,0,0,0,0,0,0,NA,271,301,291,29,NA,667,524,256,238,374,390,1502,1061,992,822,627,65,NA,264,142,215,146,188
    Other,3638,4417,3240,5367,6350,20840,NA,NA,NA,3856,4860,4696,n.s.,n.s.,n.s.,n.s.,n.s.,n.s.,698,669,231,179,203,53,NA,NA,67,56,NA,-1,NA,61,NA,31,24,-41,NA,(*),NA,0,0,0,6,NA,NA,6,6,6,18,18,18,18,18,18,3,3,3,NA,NA,NA,4,4,4,2,2,2,NA,NA,NA,NA,67,NA,191,217,202,190,182,NA,NA,NA,NA,NA,NA,NA,NA,NA,NA,NA,NA,NA,413,424,456,529,275,NA,NA,32,-28,NA,-30,NA,NA,NA,14,2,NA,NA,702,725,276,228,298,NA
  Central America,112690,109314,111631,107381,111467,113001,9282,9739,9965,9902,9953,11402,n.s.,n.s.,n.s.,n.s.,n.s.,n.s.,40524,42430,45531,41994,43221,44064,3547,3615,4075,3989,4475,4650,6656,6422,5646,5405,5521,4433,1199,2233,NA,NA,NA,NA,1911,2493,2201,NA,NA,NA,1412,1409,1452,1154,1580,1614,1939,1573,1939,1950,2043,2349,12080,14800,16584,14635,14283,14898,11780,9885,NA,11453,11811,12300,3612,4013,4839,5278,5436,5098,3181,2338,1859,2285,2902,2767,NA,NA,NA,NA,NA,NA,15967,15827,16636,13403,13976,15378,542,-208,25,135,664,436,22884,21247,17961,19248,19473,19288,NA,NA,NA,NA,NA,NA
    Costa Rica,1642,1335,1546,1589,2014,1988,0,0,0,0,0,0,n.s.,n.s.,n.s.,n.s.,n.s.,n.s.,1588,1193,1320,1161,1192,902,30,6,8,24,23,25,293,307,368,338,340,52,5,6,5,5,5,5,1,1,1,1,1,1,252,244,247,253,264,270,NA,177,202,NA,239,241,(*),(*),(*),(*),(*),1,NA,453,488,NA,319,306,-359,-239,-210,-76,-6,138,-1,-1,-1,-1,-7,4,NA,NA,NA,NA,NA,NA,NA,NA,NA,NA,NA,NA,77,76,100,94,114,109,NA,NA,NA,NA,NA,NA,-179,-218,-208,-174,79,163
    Guatemala,n.s.,n.s.,n.s.,n.s.,n.s.,n.s.,n.s.,n.s.,n.s.,n.s.,n.s.,n.s.,n.s.,n.s.,n.s.,n.s.,n.s.,n.s.,n.s.,n.s.,n.s.,n.s.,n.s.,n.s.,n.s.,n.s.,n.s.,n.s.,n.s.,n.s.,n.s.,n.s.,n.s.,n.s.,n.s.,n.s.,n.s.,n.s.,n.s.,n.s.,n.s.,n.s.,n.s.,n.s.,n.s.,n.s.,n.s.,n.s.,n.s.,n.s.,n.s.,n.s.,n.s.,n.s.,n.s.,n.s.,n.s.,n.s.,n.s.,n.s.,n.s.,n.s.,n.s.,n.s.,n.s.,n.s.,n.s.,n.s.,n.s.,n.s.,n.s.,n.s.,n.s.,n.s.,n.s.,n.s.,n.s.,n.s.,n.s.,n.s.,n.s.,n.s.,n.s.,n.s.,n.s.,n.s.,n.s.,n.s.,n.s.,n.s.,n.s.,n.s.,n.s.,n.s.,n.s.,n.s.,n.s.,n.s.,n.s.,n.s.,n.s.,n.s.,n.s.,n.s.,n.s.,n.s.,n.s.,n.s.,n.s.,n.s.,n.s.,n.s.,n.s.,n.s.
    Honduras,1274,1283,1330,1202,1362,1111,0,0,0,0,0,0,n.s.,n.s.,n.s.,n.s.,n.s.,n.s.,925,936,956,816,976,668,NA,NA,NA,NA,NA,NA,5,NA,10,12,NA,1,0,0,0,0,0,0,0,0,0,0,0,0,NA,NA,NA,NA,NA,NA,(*),(*),(*),(*),(*),(*),NA,NA,NA,4,NA,NA,NA,NA,NA,NA,NA,NA,40,22,-8,-41,-90,-160,4,4,4,4,4,4,NA,NA,NA,NA,NA,NA,NA,NA,NA,NA,NA,NA,2,2,2,2,2,2,0,0,0,0,0,0,64,55,93,120,132,234
    Mexico,101326,98421,100169,95543,98010,101057,9280,9557,9753,9689,9757,11194,n.s.,n.s.,n.s.,n.s.,n.s.,n.s.,37139,39243,42231,38652,39406,40886,3380,3531,3982,3905,4386,4571,6262,6075,5183,4850,5037,4209,1192,NA,2280,2298,2780,2975,1903,2485,2193,1093,713,831,1119,1198,1134,944,1131,1165,1825,1393,1734,1725,1801,2105,NA,NA,NA,14631,14287,NA,NA,7728,NA,9205,9271,NA,3451,3618,4036,4618,4648,4418,3114,2278,1807,2242,2863,2720,947,NA,NA,NA,NA,916,12929,13634,15115,11998,12535,13940,357,-392,-184,-31,478,255,20457,18432,14981,15695,15451,15758,13652,NA,NA,NA,NA,10971
    Panama,4447,4472,4821,5206,5785,4583,2,NA,211,212,196,208,n.s.,n.s.,n.s.,n.s.,n.s.,n.s.,90,188,-37,150,155,236,56,14,15,15,15,16,31,-31,8,90,NA,NA,2,NA,2,2,2,2,6,6,6,6,6,6,2,6,NA,NA,NA,NA,NA,NA,NA,3,3,3,0,0,0,0,0,0,NA,NA,NA,NA,57,109,390,528,931,683,823,674,18,14,13,14,15,14,NA,NA,NA,NA,NA,NA,599,231,395,369,359,332,92,92,93,56,56,57,2353,2743,2909,3484,3955,3464,NA,426,NA,NA,NA,NA
    Other,4001,3803,3766,3841,4296,4263,(*),NA,(*),(*),(*),(*),n.s.,n.s.,n.s.,n.s.,n.s.,n.s.,781,870,1062,1215,1492,1372,NA,NA,NA,NA,NA,NA,65,NA,77,115,NA,NA,(*),(*),NA,NA,NA,NA,1,1,1,NA,NA,NA,NA,NA,NA,NA,NA,NA,NA,NA,NA,NA,0,0,(*),(*),(*),(*),NA,(*),NA,NA,NA,NA,NA,NA,90,83,89,94,60,28,45,44,36,26,28,26,NA,NA,NA,NA,NA,NA,NA,NA,548,434,417,410,14,14,14,14,14,14,NA,NA,NA,NA,NA,NA,391,433,NA,NA,NA,NA
  Other Western Hemisphere,660650,650972,758114,758586,680845,709240,15231,13890,14302,10518,5539,5689,n.s.,n.s.,n.s.,n.s.,n.s.,n.s.,1686,7825,9299,6068,5941,6084,86,231,225,228,219,212,-690,142,118,201,160,222,NA,335,NA,NA,NA,NA,162,NA,NA,NA,NA,NA,832,5120,6181,2537,1268,1086,4,4,4,4,4,4,5,-1,-9,17,16,-36,NA,NA,1071,1265,1904,2047,23631,19772,21749,24832,26405,30994,7894,9112,10691,11523,10053,8716,14413,14128,20881,23482,22622,12263,160923,153487,177223,236779,223903,235669,1868,1636,824,3843,3670,3530,424414,419212,490943,430639,372274,395792,10590,11910,12201,10902,10437,10502
    Bahamas,n.s.,n.s.,n.s.,n.s.,n.s.,n.s.,n.s.,n.s.,n.s.,n.s.,n.s.,n.s.,n.s.,n.s.,n.s.,n.s.,n.s.,n.s.,n.s.,n.s.,n.s.,n.s.,n.s.,n.s.,n.s.,n.s.,n.s.,n.s.,n.s.,n.s.,n.s.,n.s.,n.s.,n.s.,n.s.,n.s.,n.s.,n.s.,n.s.,n.s.,n.s.,n.s.,n.s.,n.s.,n.s.,n.s.,n.s.,n.s.,n.s.,n.s.,n.s.,n.s.,n.s.,n.s.,n.s.,n.s.,n.s.,n.s.,n.s.,n.s.,n.s.,n.s.,n.s.,n.s.,n.s.,n.s.,n.s.,n.s.,n.s.,n.s.,n.s.,n.s.,n.s.,n.s.,n.s.,n.s.,n.s.,n.s.,n.s.,n.s.,n.s.,n.s.,n.s.,n.s.,n.s.,n.s.,n.s.,n.s.,n.s.,n.s.,n.s.,n.s.,n.s.,n.s.,n.s.,n.s.,n.s.,n.s.,n.s.,n.s.,n.s.,n.s.,n.s.,n.s.,n.s.,n.s.,n.s.,n.s.,n.s.,n.s.,n.s.,n.s.,n.s.,n.s.
    Barbados,14084,20910,21736,40015,44586,57053,5,7,10,12,12,11,n.s.,n.s.,n.s.,n.s.,n.s.,n.s.,61,73,67,71,154,140,NA,NA,NA,NA,NA,NA,NA,6,NA,NA,7,7,0,0,0,0,0,0,NA,12,3,4,7,5,9,NA,9,9,9,9,0,0,0,0,0,0,(*),(*),(*),(*),(*),(*),(*),(*),(*),(*),NA,NA,7783,NA,NA,NA,NA,NA,3,3,3,3,3,3,0,0,0,0,0,0,3744,12114,12067,21319,24410,27380,5,5,NA,NA,NA,NA,1707,2024,2405,9847,9834,18233,776,NA,NA,NA,NA,NA
    Bermuda,303244,311363,401435,339399,273240,274576,135,237,241,248,195,212,n.s.,n.s.,n.s.,n.s.,n.s.,n.s.,-190,1157,1970,2176,2429,2738,0,0,0,0,-1,-1,NA,45,45,NA,NA,NA,0,0,0,0,0,0,NA,NA,NA,NA,NA,NA,NA,NA,NA,NA,NA,NA,0,0,0,0,0,0,NA,NA,NA,(*),(*),NA,NA,53,53,52,52,52,11378,NA,NA,NA,NA,NA,3900,4872,5973,7047,6748,5787,375,386,391,419,212,222,21056,21546,36329,59158,64451,68216,442,469,593,NA,NA,NA,263524,267488,338867,250801,179156,173715,2624,NA,NA,-261,-825,-609
    Dominican Republic,1079,1469,2009,2101,2710,2806,0,0,0,0,0,0,n.s.,n.s.,n.s.,n.s.,n.s.,n.s.,708,960,1346,1524,2064,2206,6,NA,NA,NA,NA,NA,6,NA,6,NA,-5,-6,NA,NA,NA,NA,NA,NA,(*),(*),(*),(*),(*),(*),(*),(*),(*),(*),(*),(*),(*),(*),(*),(*),(*),(*),0,0,0,0,0,0,NA,765,1147,1324,1868,2018,46,127,121,56,55,54,70,67,62,57,66,66,NA,NA,NA,NA,NA,NA,9,9,9,9,9,9,1,-2,-9,-5,-13,-20,11,11,10,10,8,8,NA,NA,NA,NA,NA,NA
    Jamaica,n.s.,n.s.,n.s.,n.s.,n.s.,n.s.,n.s.,n.s.,n.s.,n.s.,n.s.,n.s.,n.s.,n.s.,n.s.,n.s.,n.s.,n.s.,n.s.,n.s.,n.s.,n.s.,n.s.,n.s.,n.s.,n.s.,n.s.,n.s.,n.s.,n.s.,n.s.,n.s.,n.s.,n.s.,n.s.,n.s.,n.s.,n.s.,n.s.,n.s.,n.s.,n.s.,n.s.,n.s.,n.s.,n.s.,n.s.,n.s.,n.s.,n.s.,n.s.,n.s.,n.s.,n.s.,n.s.,n.s.,n.s.,n.s.,n.s.,n.s.,n.s.,n.s.,n.s.,n.s.,n.s.,n.s.,n.s.,n.s.,n.s.,n.s.,n.s.,n.s.,n.s.,n.s.,n.s.,n.s.,n.s.,n.s.,n.s.,n.s.,n.s.,n.s.,n.s.,n.s.,n.s.,n.s.,n.s.,n.s.,n.s.,n.s.,n.s.,n.s.,n.s.,n.s.,n.s.,n.s.,n.s.,n.s.,n.s.,n.s.,n.s.,n.s.,n.s.,n.s.,n.s.,n.s.,n.s.,n.s.,n.s.,n.s.,n.s.,n.s.,n.s.,n.s.
    Netherlands Antilles,n.s.,n.s.,n.s.,n.s.,n.s.,n.s.,n.s.,n.s.,n.s.,n.s.,n.s.,n.s.,n.s.,n.s.,n.s.,n.s.,n.s.,n.s.,n.s.,n.s.,n.s.,n.s.,n.s.,n.s.,n.s.,n.s.,n.s.,n.s.,n.s.,n.s.,n.s.,n.s.,n.s.,n.s.,n.s.,n.s.,n.s.,n.s.,n.s.,n.s.,n.s.,n.s.,n.s.,n.s.,n.s.,n.s.,n.s.,n.s.,n.s.,n.s.,n.s.,n.s.,n.s.,n.s.,n.s.,n.s.,n.s.,n.s.,n.s.,n.s.,n.s.,n.s.,n.s.,n.s.,n.s.,n.s.,n.s.,n.s.,n.s.,n.s.,n.s.,n.s.,n.s.,n.s.,n.s.,n.s.,n.s.,n.s.,n.s.,n.s.,n.s.,n.s.,n.s.,n.s.,n.s.,n.s.,n.s.,n.s.,n.s.,n.s.,n.s.,n.s.,n.s.,n.s.,n.s.,n.s.,n.s.,n.s.,n.s.,n.s.,n.s.,n.s.,n.s.,n.s.,n.s.,n.s.,n.s.,n.s.,n.s.,n.s.,n.s.,n.s.,n.s.,n.s.
    Trinidad and Tobago,n.s.,n.s.,n.s.,n.s.,n.s.,n.s.,n.s.,n.s.,n.s.,n.s.,n.s.,n.s.,n.s.,n.s.,n.s.,n.s.,n.s.,n.s.,n.s.,n.s.,n.s.,n.s.,n.s.,n.s.,n.s.,n.s.,n.s.,n.s.,n.s.,n.s.,n.s.,n.s.,n.s.,n.s.,n.s.,n.s.,n.s.,n.s.,n.s.,n.s.,n.s.,n.s.,n.s.,n.s.,n.s.,n.s.,n.s.,n.s.,n.s.,n.s.,n.s.,n.s.,n.s.,n.s.,n.s.,n.s.,n.s.,n.s.,n.s.,n.s.,n.s.,n.s.,n.s.,n.s.,n.s.,n.s.,n.s.,n.s.,n.s.,n.s.,n.s.,n.s.,n.s.,n.s.,n.s.,n.s.,n.s.,n.s.,n.s.,n.s.,n.s.,n.s.,n.s.,n.s.,n.s.,n.s.,n.s.,n.s.,n.s.,n.s.,n.s.,n.s.,n.s.,n.s.,n.s.,n.s.,n.s.,n.s.,n.s.,n.s.,n.s.,n.s.,n.s.,n.s.,n.s.,n.s.,n.s.,n.s.,n.s.,n.s.,n.s.,n.s.,n.s.,n.s.
"    United Kingdom Islands, Caribbean",303438,282111,286601,304716,289959,304816,9923,8683,9253,5783,795,1206,n.s.,n.s.,n.s.,n.s.,n.s.,n.s.,602,5371,5610,2065,1110,826,0,0,0,0,0,0,160,152,158,111,113,114,20,29,16,15,13,12,24,NA,NA,NA,NA,NA,377,4537,NA,NA,NA,NA,4,4,4,4,4,4,NA,NA,NA,16,16,NA,NA,NA,-153,-160,-144,-137,NA,337,317,1114,832,785,3249,3342,3483,3280,NA,2819,12998,12518,NA,NA,NA,NA,122483,105862,111917,117200,96047,99922,138,-20,35,-63,-314,-402,148160,139680,137091,155986,169327,189633,NA,6338,NA,NA,6367,NA
    Other,38805,35118,46333,72356,70349,69990,5167,4964,4798,4474,4538,4260,n.s.,n.s.,n.s.,n.s.,n.s.,n.s.,504,265,306,233,183,173,NA,NA,NA,NA,NA,NA,NA,NA,NA,NA,NA,NA,NA,NA,NA,NA,NA,NA,(*),(*),(*),(*),(*),(*),NA,NA,7,-9,-3,5,0,0,0,0,0,0,0,0,0,0,0,0,NA,26,24,48,NA,NA,NA,797,818,742,378,NA,673,829,1169,1136,NA,40,NA,NA,NA,NA,NA,NA,13631,13956,16901,39093,38986,40143,1282,1185,NA,NA,NA,NA,11012,10009,12569,13996,13949,14203,1917,NA,NA,NA,2352,NA
Africa,52004,49926,50403,48069,46053,47500,25887,19204,17930,16601,16073,15273,n.s.,n.s.,n.s.,n.s.,n.s.,n.s.,5503,5692,5399,6762,8150,8363,1618,1016,1051,2953,4291,4407,1205,1075,992,806,606,496,84,225,166,174,79,134,441,428,358,265,470,577,-253,87,82,122,139,129,NA,NA,NA,NA,NA,NA,NA,NA,NA,NA,NA,NA,1083,1124,1058,742,771,NA,2224,1956,2281,2306,2703,3044,1161,1086,750,731,626,524,NA,NA,NA,NA,NA,NA,3453,4386,4588,4582,3358,4378,1760,1858,1741,1661,1955,1946,7037,10554,12549,10060,7350,7927,NA,NA,NA,NA,NA,NA
  Egypt,14068,10545,11095,11028,11133,11206,NA,NA,NA,NA,NA,NA,n.s.,n.s.,n.s.,n.s.,n.s.,n.s.,306,324,186,613,806,953,359,NA,NA,313,488,543,142,-18,-142,58,52,25,-5,NA,NA,NA,NA,NA,40,8,21,26,18,18,NA,4,21,39,NA,NA,-3,-3,-3,-3,-3,-3,NA,-1,NA,NA,NA,4,97,102,47,66,153,156,271,226,325,357,514,724,22,28,34,40,46,51,NA,NA,NA,NA,NA,NA,55,43,23,-2,32,33,54,174,84,112,66,35,NA,NA,NA,NA,NA,NA,NA,NA,60,76,164,55
  Nigeria,5872,4252,4844,4504,6572,6811,2450,2543,2028,1633,2514,2603,n.s.,n.s.,n.s.,n.s.,n.s.,n.s.,369,217,131,251,1405,1416,17,17,17,18,NA,NA,NA,2,NA,3,NA,NA,0,(*),(*),0,0,0,NA,NA,NA,NA,NA,NA,14,13,17,20,25,28,0,0,0,0,0,0,0,0,0,0,0,0,154,NA,19,NA,108,108,NA,NA,NA,NA,NA,97,NA,NA,NA,NA,NA,209,NA,NA,NA,NA,NA,NA,(*),(*),NA,NA,NA,NA,(*),(*),(*),(*),(*),(*),NA,NA,NA,NA,NA,NA,-1,NA,-1,-1,-1,-1
  South Africa,6926,7398,8058,9088,9167,10023,-22,-113,-221,-204,-184,-163,n.s.,n.s.,n.s.,n.s.,n.s.,n.s.,3670,3839,3897,5123,5295,5199,1067,757,753,2427,2470,2504,835,939,1065,805,665,612,38,28,8,-10,-28,-46,204,218,212,93,285,349,33,18,-16,-6,-20,-40,NA,NA,NA,NA,NA,NA,533,664,728,868,1069,1046,NA,NA,NA,NA,NA,NA,596,493,791,847,733,795,149,223,252,224,211,205,NA,NA,NA,NA,NA,NA,356,642,826,736,774,697,585,580,585,458,478,518,424,475,487,501,310,1196,NA,NA,NA,NA,NA,NA
  Other,25139,27731,26407,23450,19181,19460,NA,NA,NA,NA,NA,NA,n.s.,n.s.,n.s.,n.s.,n.s.,n.s.,1157,1313,1185,776,644,795,176,NA,NA,195,NA,NA,NA,152,NA,-60,NA,NA,51,NA,NA,NA,NA,NA,NA,NA,NA,NA,NA,NA,NA,52,60,68,NA,NA,NA,NA,NA,NA,NA,NA,162,NA,163,168,68,NA,NA,665,NA,321,NA,370,NA,NA,NA,NA,NA,1428,NA,NA,NA,NA,NA,59,NA,NA,NA,NA,NA,NA,3042,3701,NA,NA,NA,NA,1121,1104,1071,1090,1410,1392,NA,NA,NA,NA,NA,NA,2148,NA,NA,2163,2241,2324
Middle East,49802,49123,74509,76945,82386,90124,14968,14486,19645,20727,21971,20874,n.s.,n.s.,n.s.,n.s.,n.s.,n.s.,9143,8598,24443,25020,28036,35159,854,505,581,785,692,712,1987,2036,2106,1919,2030,2206,-133,885,1097,655,586,868,812,737,826,1026,1121,752,3020,2646,17660,18151,20917,20891,NA,NA,NA,NA,NA,NA,NA,NA,NA,NA,NA,NA,2431,1542,1597,1896,2105,NA,3197,2573,2774,3559,4060,4760,1887,2330,2907,2741,2316,2603,NA,NA,NA,NA,NA,NA,1252,1935,2116,1648,1612,2108,3109,3281,3613,3290,4623,4680,12479,13793,14340,13666,13625,13725,NA,NA,NA,NA,NA,NA
  Israel,10251,11615,28160,28997,32984,40437,7,NA,NA,NA,NA,374,n.s.,n.s.,n.s.,n.s.,n.s.,n.s.,5896,5613,21259,21916,25483,32410,NA,NA,NA,NA,NA,NA,371,438,502,394,459,451,15,NA,NA,15,15,16,327,316,406,439,622,420,3014,2653,17681,18360,21443,21454,17,80,NA,NA,NA,NA,NA,NA,NA,NA,NA,NA,1709,1519,1612,1913,2150,NA,398,396,374,1224,1272,1508,1148,1533,1777,1550,1963,2200,NA,NA,NA,NA,NA,NA,201,198,208,132,NA,48,1819,1852,2279,2142,2027,1953,NA,NA,NA,NA,NA,NA,407,481,707,589,728,628
  Saudi Arabia,10025,10164,10702,10807,11117,11386,820,656,749,860,858,724,n.s.,n.s.,n.s.,n.s.,n.s.,n.s.,281,317,376,250,140,101,NA,NA,NA,7,NA,NA,443,438,453,390,381,451,NA,108,151,104,28,41,NA,NA,114,116,122,NA,NA,NA,NA,NA,NA,NA,0,0,0,0,0,0,NA,NA,NA,NA,NA,NA,NA,NA,NA,NA,NA,NA,NA,NA,657,755,905,1222,78,91,NA,NA,97,35,NA,NA,NA,NA,NA,NA,NA,NA,NA,NA,182,NA,297,357,392,411,523,502,7660,7876,8169,8081,8235,8157,204,191,117,181,NA,412
  United Arab Emirates,16205,13699,16881,18055,18441,19468,8354,7612,7652,8165,8019,8054,n.s.,n.s.,n.s.,n.s.,n.s.,n.s.,680,1464,1357,1425,819,997,NA,NA,NA,NA,NA,NA,NA,NA,NA,NA,NA,NA,-295,448,573,NA,NA,NA,446,432,291,439,352,244,NA,NA,NA,NA,NA,NA,NA,NA,1,1,1,1,0,0,0,0,NA,(*),292,302,247,210,200,150,2068,1465,1641,1567,1840,2092,NA,NA,946,1061,204,289,NA,NA,NA,NA,NA,NA,757,734,926,627,715,1127,787,786,747,498,1806,1938,NA,7,NA,9,13,9,1899,-38,2512,NA,NA,NA
  Other,13321,13646,18766,19087,19844,18832,5787,NA,NA,NA,NA,11722,n.s.,n.s.,n.s.,n.s.,n.s.,n.s.,2286,1203,1452,1429,1593,1650,NA,NA,NA,NA,NA,NA,NA,NA,NA,NA,NA,NA,NA,NA,NA,NA,NA,NA,NA,NA,16,33,25,NA,(*),(*),(*),2,NA,NA,0,0,0,0,0,0,0,0,0,0,0,0,NA,NA,NA,NA,NA,NA,NA,NA,102,13,43,-61,NA,NA,NA,NA,53,78,NA,NA,NA,NA,NA,NA,NA,NA,NA,NA,NA,NA,205,285,195,239,267,287,NA,NA,NA,NA,NA,NA,NA,NA,NA,475,-113,-131
Asia and Pacific,847102,867916,938668,879968,941721,969647,43505,42890,43078,43269,42945,36689,n.s.,n.s.,n.s.,n.s.,n.s.,n.s.,175849,170246,199172,178722,199138,212685,18263,17105,18446,17695,17353,17470,36240,38546,39547,32271,41530,43767,7109,7259,7824,7947,7870,8379,9761,9953,12200,10067,10871,11692,50068,38172,57379,47967,57746,64064,3299,3404,3691,3238,3600,3891,18598,20118,22307,22080,21459,22208,32512,35689,37778,37459,38709,41213,81134,89138,96889,66803,76877,76244,33310,35022,40428,41853,41099,29505,31623,32583,36466,47404,45456,47503,119704,121696,116839,110292,123771,139157,31618,36299,38624,39110,39964,43518,270091,279203,303543,291372,305353,315639,60269,60840,63628,61142,67119,68707
  Australia,160061,167791,169749,166269,161200,163466,24503,25129,23327,22329,21285,15279,n.s.,n.s.,n.s.,n.s.,n.s.,n.s.,19031,18907,19013,16252,17454,18694,8260,7632,8171,7337,6780,6482,2220,1801,1392,813,1372,1330,603,1165,1221,1219,1236,1398,1188,1423,1223,908,1283,1481,1428,1361,1268,1602,1732,2157,88,75,67,58,53,59,1651,1468,1940,1424,1462,1820,3593,3981,3731,2889,3535,3967,6263,5347,5794,5812,5169,5755,5467,6299,6468,7816,7727,5818,525,572,706,507,540,441,6958,6545,6866,7656,7291,18937,9190,11276,10480,10505,11024,11693,80549,87120,90015,88017,82593,78946,7575,6596,7079,7375,8117,7902
  China,92150,97458,105146,107557,113189,123875,3020,NA,NA,1018,1260,1199,n.s.,n.s.,n.s.,n.s.,n.s.,n.s.,43245,46497,51892,53928,55012,60622,3936,3543,3293,2113,2489,2870,10770,11837,12187,11741,12689,14328,2284,2207,2349,2467,2425,2482,4195,3821,5412,4239,4506,4449,6411,6878,8473,11642,11521,13790,500,567,712,687,725,721,9010,10069,11484,12955,12797,13504,6136,7576,7980,8085,7859,8478,11614,12410,13315,14035,16343,17022,2692,2427,1876,2308,2296,2098,4055,3999,4266,4419,5311,5910,6482,6659,7871,8664,9850,10294,1609,1572,1752,1609,1756,4771,7430,7477,6245,4135,4348,4355,12004,NA,NA,17441,17014,17603
  Hong Kong,69367,69287,79048,81215,89346,92487,2,(*),0,0,0,0,n.s.,n.s.,n.s.,n.s.,n.s.,n.s.,6732,6578,7538,8588,9209,9664,17,16,10,43,68,57,1218,1211,1291,883,1632,2093,1247,717,1010,1018,1069,1115,-589,209,802,767,540,465,2398,1873,2061,3167,3874,3945,441,715,640,585,639,654,-232,8,-13,8,-19,12,2233,1829,1739,2117,1407,1323,8416,9307,8999,6752,4602,4911,8133,8326,8375,7655,7652,8046,1790,2062,1986,2455,2909,2822,9472,8706,8112,5895,6201,6551,2140,2454,2876,3383,3321,3348,26359,26950,38564,45093,53965,56835,6322,4903,2597,1393,1487,310
  India,35361,40121,45160,42197,41982,41904,560,780,1044,410,391,-408,n.s.,n.s.,n.s.,n.s.,n.s.,n.s.,8951,9951,10732,9867,8848,9261,1003,977,1342,1043,795,419,1261,1714,1903,2140,2137,2614,308,456,418,421,179,160,835,1101,1140,1156,1191,1364,1017,1136,1230,1296,1092,1019,812,741,733,631,671,692,2336,2325,2071,949,267,337,1379,1500,1895,2231,2516,2655,3332,4176,4656,4220,4261,4362,66,-160,45,435,1245,1956,NA,NA,NA,NA,NA,NA,3803,3465,3317,5895,6148,6260,11961,13575,16748,15820,16794,16321,439,440,337,393,364,380,NA,NA,NA,NA,NA,NA
  Indonesia,15717,15049,13866,19886,19324,18715,11610,10417,9484,13270,13592,13945,n.s.,n.s.,n.s.,n.s.,n.s.,n.s.,527,687,598,1319,1074,503,142,160,161,922,831,889,362,376,242,200,15,-400,3,1,-4,-7,-5,-3,49,48,54,90,77,-27,-16,-3,-16,-17,NA,NA,NA,NA,NA,NA,NA,NA,8,20,-34,NA,NA,NA,NA,NA,NA,138,197,82,50,30,61,58,100,56,142,135,207,239,218,194,NA,NA,NA,NA,NA,NA,585,393,449,583,677,484,268,309,NA,453,506,548,1637,2058,1618,1058,596,302,NA,NA,95,NA,NA,NA
  Japan,106932,124039,117134,108933,128539,131643,0,0,0,0,0,0,n.s.,n.s.,n.s.,n.s.,n.s.,n.s.,22080,24734,21593,23982,29754,31305,320,374,433,598,669,633,2460,3654,4250,4254,8443,9281,668,694,699,729,675,765,361,485,610,459,744,759,8086,8862,4763,4279,5047,5469,NA,NA,176,255,326,387,1003,990,687,2856,2658,2721,NA,NA,9974,10552,11190,11289,5284,7010,7907,7140,10503,9881,8039,7891,9591,7144,7874,8940,NA,NA,3590,3421,307,385,52926,61467,53475,47598,57969,63975,2545,3246,2685,3398,2635,3579,3537,7024,6607,4970,7082,2339,NA,NA,11686,11281,12415,11240
  Malaysia,15765,10069,11767,10385,12139,13529,404,535,484,421,336,340,n.s.,n.s.,n.s.,n.s.,n.s.,n.s.,4268,3588,5405,4660,4538,5021,NA,NA,NA,NA,NA,NA,559,499,546,480,417,446,64,213,226,249,254,240,539,473,567,240,239,95,1775,1298,2662,2398,2027,2622,NA,NA,NA,NA,NA,NA,322,72,65,215,479,652,707,836,730,NA,NA,NA,363,378,385,410,1067,1738,112,275,266,267,286,312,NA,NA,NA,NA,NA,NA,2866,2667,2604,1908,1735,1594,569,346,203,236,257,223,NA,948,1396,1412,2449,2632,826,NA,NA,NA,NA,NA
  New Zealand,11427,12042,12384,11379,11869,12903,49,40,31,23,14,28,n.s.,n.s.,n.s.,n.s.,n.s.,n.s.,1663,2267,2421,2159,2061,2206,NA,NA,NA,NA,NA,NA,181,210,252,244,245,242,6,11,15,19,20,29,NA,136,159,147,222,245,229,260,261,267,278,324,-2,(*),(*),(*),2,(*),0,0,(*),(*),NA,NA,356,NA,NA,NA,NA,NA,729,792,888,645,780,930,237,203,211,267,355,391,NA,NA,NA,NA,NA,NA,1973,2183,2263,1786,1879,2022,436,161,159,183,181,237,NA,NA,NA,NA,NA,NA,NA,NA,NA,NA,NA,NA
  Philippines,5992,6412,6926,5562,5612,5199,1,1,1,(*),1,1,n.s.,n.s.,n.s.,n.s.,n.s.,n.s.,2409,2683,2678,2844,2943,2868,NA,NA,NA,NA,NA,NA,318,345,448,393,348,318,-11,-27,-43,NA,NA,NA,NA,NA,NA,NA,NA,NA,920,1195,1112,1317,1359,1467,NA,NA,NA,NA,NA,NA,NA,NA,NA,NA,NA,NA,575,587,530,547,624,462,492,576,454,415,449,433,35,45,90,115,110,21,NA,NA,NA,NA,NA,NA,223,258,302,239,291,311,437,512,621,508,568,661,303,312,NA,NA,NA,NA,NA,NA,912,854,638,313
  Singapore,253277,243165,293452,232940,260642,270807,NA,783,947,978,1070,1106,n.s.,n.s.,n.s.,n.s.,n.s.,n.s.,40171,27149,45559,25698,36780,40637,724,931,1317,1741,1937,2263,11265,11370,10541,3871,6148,4875,744,819,887,657,660,858,1182,1203,1097,947,1298,2004,23265,9490,27368,13574,21153,23463,211,255,309,313,432,580,1221,1272,1478,1763,1854,1903,1557,1809,2561,2833,3298,4690,38743,43003,47759,20034,25550,23198,7308,8056,11538,13470,10742,-1755,728,1335,2010,1046,1319,1730,21032,17097,20431,17979,19308,20250,1263,1323,1011,1416,1791,1192,129859,132263,150596,139465,146840,162511,NA,12155,13602,12855,17243,21938
  South Korea,38608,39278,40237,37282,38476,33888,NA,NA,NA,NA,NA,NA,n.s.,n.s.,n.s.,n.s.,n.s.,n.s.,13014,14137,14522,11402,12027,12049,775,596,600,815,671,605,2857,2381,3086,3794,4737,4961,337,307,341,376,417,428,305,349,392,302,271,324,2567,3932,2912,3181,3278,3223,200,169,164,50,52,81,2477,3032,3316,-255,-284,-639,3495,3370,3712,3139,2884,3065,1937,2177,2625,3256,3887,4100,456,774,1112,1405,1934,1981,NA,NA,NA,NA,NA,NA,9905,8742,7058,8091,8195,2885,434,651,1001,962,542,681,NA,NA,1027,-17,-7,-64,2455,2705,NA,NA,NA,NA
  Taiwan,15295,15510,16484,27479,29002,31544,0,0,0,0,0,0,n.s.,n.s.,n.s.,n.s.,n.s.,n.s.,4790,4409,4951,4733,5850,6250,NA,NA,NA,NA,NA,24,776,626,638,653,335,272,73,68,90,152,210,183,199,158,151,153,137,154,2785,2814,3266,3028,4505,5106,163,164,173,183,192,200,72,26,108,119,-14,-146,NA,NA,NA,NA,NA,457,2622,2748,2643,2647,2474,2438,495,604,425,513,489,1364,NA,NA,NA,NA,NA,NA,2533,2519,2839,2767,3042,4037,107,223,213,NA,144,-64,832,963,1060,719,722,671,NA,NA,NA,NA,NA,NA
  Thailand,17942,18386,15578,16415,17628,17450,NA,NA,NA,NA,NA,NA,n.s.,n.s.,n.s.,n.s.,n.s.,n.s.,6557,6706,10042,10902,11489,11533,958,889,957,1243,1261,1349,1842,2435,2693,2778,2985,3183,NA,NA,NA,NA,NA,NA,346,378,332,339,332,390,-826,-976,1970,2184,1969,1751,-7,NA,NA,NA,-4,-2,807,892,1170,1648,2067,1876,NA,2809,2632,2388,NA,NA,1001,883,1018,853,1136,1005,72,88,166,163,115,80,NA,NA,NA,NA,NA,NA,332,330,360,367,365,465,576,558,407,414,457,505,NA,NA,NA,NA,NA,NA,547,514,828,883,1084,851
  Other,9209,9307,11737,12471,12773,12238,NA,832,NA,NA,NA,NA,n.s.,n.s.,n.s.,n.s.,n.s.,n.s.,2411,1954,2226,2389,2102,2073,NA,NA,506,366,NA,404,150,86,77,27,26,223,NA,NA,NA,NA,NA,NA,NA,NA,NA,NA,NA,NA,27,51,49,47,NA,NA,1,1,1,1,1,1,NA,NA,NA,572,NA,NA,335,781,903,751,901,893,286,300,382,526,554,416,57,59,57,57,57,57,NA,500,524,551,NA,NA,615,663,891,865,822,1092,85,96,NA,NA,-14,-177,75,122,95,127,126,127,4535,4782,NA,NA,4941,4279
International,n.s.,n.s.,n.s.,n.s.,n.s.,n.s.,n.s.,n.s.,n.s.,n.s.,n.s.,n.s.,n.s.,n.s.,n.s.,n.s.,n.s.,n.s.,n.s.,n.s.,n.s.,n.s.,n.s.,n.s.,n.s.,n.s.,n.s.,n.s.,n.s.,n.s.,n.s.,n.s.,n.s.,n.s.,n.s.,n.s.,n.s.,n.s.,n.s.,n.s.,n.s.,n.s.,n.s.,n.s.,n.s.,n.s.,n.s.,n.s.,n.s.,n.s.,n.s.,n.s.,n.s.,n.s.,n.s.,n.s.,n.s.,n.s.,n.s.,n.s.,n.s.,n.s.,n.s.,n.s.,n.s.,n.s.,n.s.,n.s.,n.s.,n.s.,n.s.,n.s.,n.s.,n.s.,n.s.,n.s.,n.s.,n.s.,n.s.,n.s.,n.s.,n.s.,n.s.,n.s.,n.s.,n.s.,n.s.,n.s.,n.s.,n.s.,n.s.,n.s.,n.s.,n.s.,n.s.,n.s.,n.s.,n.s.,n.s.,n.s.,n.s.,n.s.,n.s.,n.s.,n.s.,n.s.,n.s.,n.s.,n.s.,n.s.,n.s.,n.s.,n.s.,n.s.
Addenda:,,,,,,,,,,,,,,,,,,,,,,,,,,,,,,,,,,,,,,,,,,,,,,,,,,,,,,,,,,,,,,,,,,,,,,,,,,,,,,,,,,,,,,,,,,,,,,,,,,,,,,,,,,,,,,,,,,
  Eastern Europe,n.s.,n.s.,n.s.,n.s.,n.s.,n.s.,n.s.,n.s.,n.s.,n.s.,n.s.,n.s.,n.s.,n.s.,n.s.,n.s.,n.s.,n.s.,n.s.,n.s.,n.s.,n.s.,n.s.,n.s.,n.s.,n.s.,n.s.,n.s.,n.s.,n.s.,n.s.,n.s.,n.s.,n.s.,n.s.,n.s.,n.s.,n.s.,n.s.,n.s.,n.s.,n.s.,n.s.,n.s.,n.s.,n.s.,n.s.,n.s.,n.s.,n.s.,n.s.,n.s.,n.s.,n.s.,n.s.,n.s.,n.s.,n.s.,n.s.,n.s.,n.s.,n.s.,n.s.,n.s.,n.s.,n.s.,n.s.,n.s.,n.s.,n.s.,n.s.,n.s.,n.s.,n.s.,n.s.,n.s.,n.s.,n.s.,n.s.,n.s.,n.s.,n.s.,n.s.,n.s.,n.s.,n.s.,n.s.,n.s.,n.s.,n.s.,n.s.,n.s.,n.s.,n.s.,n.s.,n.s.,n.s.,n.s.,n.s.,n.s.,n.s.,n.s.,n.s.,n.s.,n.s.,n.s.,n.s.,n.s.,n.s.,n.s.,n.s.,n.s.,n.s.,n.s.
  European Union,2810011,3030601,3331275,3157925,3266848,2515293,20647,16966,13166,11447,10687,9261,n.s.,n.s.,n.s.,n.s.,n.s.,n.s.,273895,271463,330901,296474,384010,355974,39406,29078,54742,46439,41784,19272,66941,58368,49294,57454,115222,154948,16704,15584,19016,15419,30944,14245,22047,22980,27611,23772,36342,31338,30210,34162,43386,35003,39297,26500,4957,4507,5481,5681,7704,6506,18175,23165,27974,24935,27360,19256,75456,83619,103396,87771,85357,83909,64762,70704,79545,79411,70102,58539,127630,143698,154002,202872,199857,120955,47461,47058,40338,39602,NA,48728,315632,304479,353984,440519,413611,142904,65464,79982,79814,86807,84465,43134,1725420,1908883,2066385,1785559,1829115,1549568,169099,187367,213139,215231,NA,186231
  OPEC[2],57877,64513,56174,57400,n.s.,n.s.,20592,29310,22420,23683,n.s.,n.s.,n.s.,n.s.,n.s.,n.s.,n.s.,n.s.,7103,6074,4527,3906,n.s.,n.s.,1151,1290,510,697,n.s.,n.s.,4296,2439,2034,1537,n.s.,n.s.,-159,629,760,623,n.s.,n.s.,700,630,504,679,n.s.,n.s.,-72,-64,-64,-246,n.s.,n.s.,135,65,19,19,n.s.,n.s.,444,865,570,NA,n.s.,n.s.,607,220,193,NA,n.s.,n.s.,3651,2707,2673,2662,n.s.,n.s.,2836,1676,1551,1513,n.s.,n.s.,NA,NA,NA,NA,n.s.,n.s.,1986,2406,2110,1795,n.s.,n.s.,1349,1684,1003,766,n.s.,n.s.,16033,16824,16775,16433,n.s.,n.s.,NA,NA,NA,NA,n.s.,n.s.
Legend / Footnotes:,,,,,,,,,,,,,,,,,,,,,,,,,,,,,,,,,,,,,,,,,,,,,,,,,,,,,,,,,,,,,,,,,,,,,,,,,,,,,,,,,,,,,,,,,,,,,,,,,,,,,,,,,,,,,,,,,,
<strong>n.s.</strong>  Not shown.  Data may not be shown for several reasons:,,,,,,,,,,,,,,,,,,,,,,,,,,,,,,,,,,,,,,,,,,,,,,,,,,,,,,,,,,,,,,,,,,,,,,,,,,,,,,,,,,,,,,,,,,,,,,,,,,,,,,,,,,,,,,,,,,
• The data appear on another line in this table.,,,,,,,,,,,,,,,,,,,,,,,,,,,,,,,,,,,,,,,,,,,,,,,,,,,,,,,,,,,,,,,,,,,,,,,,,,,,,,,,,,,,,,,,,,,,,,,,,,,,,,,,,,,,,,,,,,
• The data are not shown in this table but may be available in detailed country- or industry-level tables in this interactive system or in other BEA published tables on direct investment.,,,,,,,,,,,,,,,,,,,,,,,,,,,,,,,,,,,,,,,,,,,,,,,,,,,,,,,,,,,,,,,,,,,,,,,,,,,,,,,,,,,,,,,,,,,,,,,,,,,,,,,,,,,,,,,,,,
"• The data are not available, do not apply, or are not defined.",,,,,,,,,,,,,,,,,,,,,,,,,,,,,,,,,,,,,,,,,,,,,,,,,,,,,,,,,,,,,,,,,,,,,,,,,,,,,,,,,,,,,,,,,,,,,,,,,,,,,,,,,,,,,,,,,,
<strong>(*)</strong> A nonzero value that rounds to zero.,,,,,,,,,,,,,,,,,,,,,,,,,,,,,,,,,,,,,,,,,,,,,,,,,,,,,,,,,,,,,,,,,,,,,,,,,,,,,,,,,,,,,,,,,,,,,,,,,,,,,,,,,,,,,,,,,,
<strong>NA</strong> indicates that the data in the cell have been suppressed to avoid disclosure of data of individual companies.,,,,,,,,,,,,,,,,,,,,,,,,,,,,,,,,,,,,,,,,,,,,,,,,,,,,,,,,,,,,,,,,,,,,,,,,,,,,,,,,,,,,,,,,,,,,,,,,,,,,,,,,,,,,,,,,,,
"Data for the European Union (EU) reflect the EU membership during the reference period. In 1994, the EU was comprised of Belgium, Denmark, France, Germany, Greece, Ireland, Italy, Luxembourg, Netherlands, Portugal, Spain, and the United Kingdom. Beginning with 1995, Austria, Finland, and Sweden were included. Beginning with second quarter 2004, Cyprus, Czech Republic, Estonia, Hungary, Latvia, Lithuania, Malta, Poland, Slovakia, and Slovenia were included. Bulgaria and Romania were included beginning with first quarter 2007 and Croatia was included beginning with third quarter 2013. The United Kingdom was excluded beginning with first quarter 2020.",,,,,,,,,,,,,,,,,,,,,,,,,,,,,,,,,,,,,,,,,,,,,,,,,,,,,,,,,,,,,,,,,,,,,,,,,,,,,,,,,,,,,,,,,,,,,,,,,,,,,,,,,,,,,,,,,,
"Balance of payments transactions (and associated positions) between parents and affiliates are recorded against the country of the foreign affiliate with which the U.S. parent had a direct transaction, even if the transaction may reflect indirect claims on, liabilities to, or income from indirectly held affiliates in third countries.  For years prior to 1999, the ""<em>International</em>"" category consists of affiliates that have operations spanning more than one country and that are engaged in petroleum shipping, other water transportation, or offshore oil and gas drilling.  Beginning with the data for 1999, data for such affiliates are classified in the country of residence of the operator of the ship or equipment.",,,,,,,,,,,,,,,,,,,,,,,,,,,,,,,,,,,,,,,,,,,,,,,,,,,,,,,,,,,,,,,,,,,,,,,,,,,,,,,,,,,,,,,,,,,,,,,,,,,,,,,,,,,,,,,,,,
"The composition of the ""Other"" categories shown in this table may change from one year to another.  For a geographic area, ""Other"" is a residual that shows a total for all countries not shown separately under that area.  Because the countries shown separately may change over time as the composition of direct investment changes, data for a particular country may be included in an ""Other"" total in one year but excluded from it in another year.  Changes in the countries shown separately generally take place in years covered by benchmark surveys (or censuses) of direct investment, which usually are conducted once every five years.",,,,,,,,,,,,,,,,,,,,,,,,,,,,,,,,,,,,,,,,,,,,,,,,,,,,,,,,,,,,,,,,,,,,,,,,,,,,,,,,,,,,,,,,,,,,,,,,,,,,,,,,,,,,,,,,,,
Source: U.S. Bureau of Economic Analysis,,,,,,,,,,,,,,,,,,,,,,,,,,,,,,,,,,,,,,,,,,,,,,,,,,,,,,,,,,,,,,,,,,,,,,,,,,,,,,,,,,,,,,,,,,,,,,,,,,,,,,,,,,,,,,,,,,
"1. In 2020, the euro area includes Austria, Belgium, Cyprus, Estonia, Finland, France, Germany, Greece, Ireland, Italy, Latvia, Lithuania, Luxembourg, Malta, the Netherlands, Portugal, Slovakia, Slovenia and Spain.  For 2020, the U.S. direct investment position in the euro area was $2,406,788 million; financial transactions without current-cost adjustment were $83,133 million; and direct investment income without current-cost adjustment was $175,254 million.",,,,,,,,,,,,,,,,,,,,,,,,,,,,,,,,,,,,,,,,,,,,,,,,,,,,,,,,,,,,,,,,,,,,,,,,,,,,,,,,,,,,,,,,,,,,,,,,,,,,,,,,,,,,,,,,,,
2. OPEC (Organization of Petroleum Exporting Countries): data for this group reflects the OPEC membership during the reference period. This aggregate was discontinued after the 2018 reference year.,,,,,,,,,,,,,,,,,,,,,,,,,,,,,,,,,,,,,,,,,,,,,,,,,,,,,,,,,,,,,,,,,,,,,,,,,,,,,,,,,,,,,,,,,,,,,,,,,,,,,,,,,,,,,,,,,,
"If you have a question about the availability of data, E-mail your question to <a href=""mailto:internationalaccounts@bea.gov"">internationalaccounts@bea.gov</a>",,,,,,,,,,,,,,,,,,,,,,,,,,,,,,,,,,,,,,,,,,,,,,,,,,,,,,,,,,,,,,,,,,,,,,,,,,,,,,,,,,,,,,,,,,,,,,,,,,,,,,,,,,,,,,,,,,
